{
    "Weight": [
        1.0,
        0.0
    ],
    "Particle_classes": {
        "Mass": [
            0.106,
            0.106
        ],
        "Charge": [
            -1,
            -1
        ],
        "Beam_spot": [
            -1.0,
            -1.0
        ]
    },
    "Emit_mode": [
        {
            "p": {
                "type": "steps",
                "maxvalue": 800.0,
                "minvalue": 10.0,
                "steps": 100,
                "count": 0
            },
            "theta": {
                "type": "fixed",
                "value": 0.15
            },
            "phi": {
                "type": "fixed",
                "value": 1.0
            }
        },
        {
            "p": {
                "type": "steps",
                "maxvalue": 120,
                "minvalue": 5,
                "steps": 10,
                "count": 0
            },
            "theta": {
                "type": "steps",
                "maxvalue": 0.7,
                "minvalue": 0.1,
                "steps": 4,
                "count": 0
            },
            "phi": {
                "type": "fixed",
                "value": 1
            }
        }
    ]
}